name,age
Ludvig,19
Adriena,70
Brittani,2
Evy,25
Waylen,52
Catriona,55
Claudie,4
Mikol,53
Hunfredo,12
Cazzie,8
Sawyere,20
Cord,29
Fayette,33
Yorgos,79
Gene,69
Glen,59
Leontine,9
Jan,12
Barbara,65
Shaun,43
Abrahan,12
Christoffer,59
Sig,35
Francesca,2
Flem,63
Lynna,20
Humphrey,56
Alyosha,62
Sherm,5
Redd,73
Dwayne,59
Adela,69
Terri,88
Amalita,34
Anett,20
Vida,95
Ardelle,48
Jordain,12
Andy,65
Link,36
Lil,46
Felicia,75
Cass,88
Dulci,86
Garry,24
Dona,64
Durward,10
Giorgio,70
Gregg,76
Lena,71
Hobard,61
Crista,86
Marv,72
Ora,65
Cindee,10
Jolyn,74
Craggy,54
Darwin,44
Seka,86
Wenona,73
Mikkel,1
Bili,71
Amelia,11
Etan,52
Nikolaus,46
Tildie,17
Pauline,76
Worthy,77
Fallon,98
Wenonah,65
Amie,83
Haily,22
Vergil,2
Guss,79
Merralee,61
Dehlia,40
Scott,65
Beltran,64
Otto,23
Carlina,20
Catherin,77
Sondra,32
Marco,81
Celinda,33
Gaby,54
Sarette,37
Lainey,15
Charissa,41
Orton,27
Daphne,50
Maggee,27
Rollins,65
Ryon,1
Holt,64
Ashely,76
Desirae,54
Meredith,56
Nerti,58
Katleen,5
Marieann,51
