name,age
Adriena,70
Waylen,52
Catriona,55
Mikol,53
Fayette,33
Yorgos,79
Gene,69
Glen,59
Barbara,65
Shaun,43
Christoffer,59
Sig,35
Flem,63
Humphrey,56
Alyosha,62
Redd,73
Dwayne,59
Adela,69
Terri,88
Amalita,34
Vida,95
Ardelle,48
Andy,65
Link,36
Lil,46
Felicia,75
Cass,88
Dulci,86
Dona,64
Giorgio,70
Gregg,76
Lena,71
Hobard,61
Crista,86
Marv,72
Ora,65
Jolyn,74
Craggy,54
Darwin,44
Seka,86
Wenona,73
Bili,71
Etan,52
Nikolaus,46
Pauline,76
Worthy,77
Fallon,98
Wenonah,65
Amie,83
Guss,79
Merralee,61
Dehlia,40
Scott,65
Beltran,64
Catherin,77
Sondra,32
Marco,81
Celinda,33
Gaby,54
Sarette,37
Charissa,41
Daphne,50
Rollins,65
Holt,64
Ashely,76
Desirae,54
Meredith,56
Nerti,58
Marieann,51
